Id,high_price_prediction,high_price_probability
1461,0,0.036722229994706326
1462,0,0.20360141029924597
1463,1,0.8406861748500648
1464,1,0.8859705374269261
1465,1,0.7751568603725498
1466,1,0.840646604783435
1467,1,0.675260146816159
1468,1,0.7758468859535097
1469,1,0.7512276083047249
1470,0,0.04035460621308971
1471,1,0.8098075089148307
1472,0,0.019241285917120054
1473,0,0.018327682484609285
1474,0,0.35157294256404464
1475,0,0.03641584261586611
1476,1,0.9958739472011857
1477,1,0.9648339852222942
1478,1,0.9858854641121017
1479,1,0.9832602456279166
1480,1,0.999754752469836
1481,1,0.9964452359702506
1482,1,0.913050884088941
1483,1,0.8027628638829839
1484,1,0.723851859573396
1485,1,0.8878746607103514
1486,1,0.927618817135134
1487,1,0.9968497843913978
1488,1,0.9659382725838193
1489,1,0.7894001930433046
1490,1,0.9304144452240748
1491,1,0.9097139813673222
1492,0,0.010138169594303446
1493,1,0.7616206335704983
1494,1,0.9948619803071689
1495,1,0.9903691876592885
1496,1,0.8693902157168902
1497,1,0.7289117497049226
1498,1,0.6165668408230806
1499,1,0.6083102142618781
1500,1,0.6131684004007029
1501,1,0.7144313884360322
1502,1,0.6275331306171812
1503,1,0.9755827802312914
1504,1,0.9823476319179038
1505,1,0.9442689071728261
1506,1,0.7313911497168929
1507,1,0.9707181151884982
1508,1,0.9087885312990601
1509,0,0.3316081396150343
1510,0,0.23206039664871922
1511,0,0.17871346385873993
1512,1,0.5731950225898808
1513,0,0.27567431938596915
1514,0,0.1555197117463371
1515,1,0.736263971657023
1516,0,0.2450359786933033
1517,0,0.31127739594728554
1518,0,0.08956666662623043
1519,1,0.9275710977138234
1520,0,0.05212324365271524
1521,0,0.06763276127901714
1522,1,0.5666676528251501
1523,0,0.015116431343207632
1524,0,0.019378976419895517
1525,0,0.024207149018940544
1526,0,0.01635428131025577
1527,0,0.0302219216703977
1528,0,0.05909484522975463
1529,0,0.12084306832122212
1530,1,0.6649441843037425
1531,0,0.07932237587896893
1532,0,0.014744506039669807
1533,0,0.11385963441555588
1534,0,0.05681633989319046
1535,0,0.16348832667580024
1536,0,0.017064996388540858
1537,0,0.007768804823856651
1538,0,0.33788620957751025
1539,1,0.7796416178737686
1540,0,0.050368930792083315
1541,0,0.10940242042959998
1542,0,0.05989626445941049
1543,1,0.5008397283780048
1544,0,0.006036077452267698
1545,0,0.01357425921662066
1546,0,0.11158378902763959
1547,0,0.10993617862691123
1548,0,0.038315086608078426
1549,0,0.04348669249414008
1550,0,0.09185471529543095
1551,0,0.025291684378468276
1552,0,0.12395911569156398
1553,0,0.24072942516633355
1554,0,0.034421483723854986
1555,1,0.6097843500768435
1556,0,0.026008594123077114
1557,0,0.017437672129756266
1558,0,0.023238670069274374
1559,0,0.018496121525484147
1560,0,0.07754103179791738
1561,0,0.08313396113869632
1562,0,0.05728414274861354
1563,0,0.026161598847485364
1564,0,0.449920467230249
1565,0,0.3514415581362168
1566,1,0.9181512078006745
1567,0,0.010270277117063359
1568,1,0.9708811896637899
1569,0,0.22985091369000069
1570,0,0.2033896338554496
1571,0,0.06372400714553496
1572,0,0.09333672183260365
1573,1,0.918581939923239
1574,0,0.15669877521825099
1575,1,0.9655004812164258
1576,1,0.9872750629433747
1577,1,0.8113440506313809
1578,0,0.23272091618440746
1579,0,0.19848443044530698
1580,1,0.8927976591597838
1581,0,0.2798536769922529
1582,0,0.044800204617052496
1583,1,0.9926938267744098
1584,1,0.9724338514300659
1585,0,0.27757555860480587
1586,0,0.004071752011929853
1587,0,0.017943820387704024
1588,0,0.13492928929532888
1589,0,0.033225557441700325
1590,0,0.08409784584166483
1591,0,0.011009851723891425
1592,0,0.1477636656899557
1593,0,0.05392284837050131
1594,0,0.09001818392962348
1595,0,0.07354558181354215
1596,1,0.8770991143326542
1597,0,0.41494232804223724
1598,1,0.847769693907905
1599,1,0.5716190957771934
1600,1,0.715057718256228
1601,0,0.0015411804106396983
1602,0,0.04142706114433334
1603,0,0.009620567701503479
1604,1,0.9544725935715003
1605,1,0.9810982527305756
1606,1,0.5354152436088996
1607,1,0.5713849473820373
1608,1,0.9648510252026078
1609,1,0.7591669522189733
1610,1,0.5200865059954383
1611,0,0.19370616733832974
1612,1,0.6954628965706656
1613,1,0.6782289391152578
1614,0,0.12101056287719628
1615,0,0.012599453095608422
1616,0,0.007155765002642063
1617,0,0.011762707143947282
1618,0,0.0347666189792744
1619,0,0.16531607631013268
1620,1,0.8400941383063408
1621,0,0.17877745931028455
1622,0,0.21148512968256333
1623,1,0.9850505448741765
1624,1,0.9702910864973169
1625,0,0.035626020459347874
1626,1,0.5796133280263684
1627,1,0.8810719935057721
1628,1,0.9916915036563624
1629,1,0.8090507176870118
1630,1,0.9873055007055527
1631,1,0.8169760600092763
1632,1,0.905465806289971
1633,1,0.8453290717769585
1634,1,0.9082662327288644
1635,1,0.8679861085762441
1636,1,0.6326524883354834
1637,1,0.8982772733428908
1638,1,0.9282355696617773
1639,1,0.7809992612753888
1640,1,0.9719740739502792
1641,1,0.7113933286171876
1642,1,0.947927751190272
1643,1,0.9622671553421845
1644,1,0.9614223126634348
1645,1,0.9223458449189926
1646,0,0.46587939697058633
1647,0,0.4565376908271748
1648,0,0.124058523731
1649,0,0.1329602032669938
1650,0,0.0349660355131017
1651,0,0.05372560560025417
1652,0,0.020624854262085927
1653,0,0.02185149577510262
1654,0,0.39438725363247384
1655,0,0.25077251295197717
1656,0,0.33747304395680516
1657,0,0.37995298889885104
1658,0,0.48114027492551004
1659,0,0.03612265979531754
1660,0,0.4279696056000768
1661,1,0.9996453543539511
1662,1,0.9968663703077999
1663,1,0.9943601219329077
1664,1,0.9994874893280291
1665,1,0.9855974910988939
1666,1,0.9948520359255028
1667,1,0.9972464776922065
1668,1,0.9906258025950765
1669,1,0.9794949995551753
1670,1,0.9893528118930153
1671,1,0.9825177551159578
1672,1,0.9987433387144532
1673,1,0.9963531166428716
1674,1,0.9801455133226212
1675,1,0.8524533070445217
1676,1,0.8546554717170776
1677,1,0.9155202550502148
1678,1,0.9994093685381905
1679,1,0.997056353644997
1680,1,0.9706572560302018
1681,1,0.9071949429777799
1682,1,0.9922134721899991
1683,1,0.8697863845512848
1684,1,0.8866219848552213
1685,1,0.8806303973098392
1686,1,0.7796021897268806
1687,1,0.829964245333431
1688,1,0.9324563299512356
1689,1,0.9397027076568575
1690,1,0.9389581241101996
1691,1,0.9310898409961665
1692,1,0.9809408573327277
1693,1,0.7882603880931074
1694,1,0.8532911752050799
1695,1,0.7256741167026339
1696,1,0.989029155282545
1697,1,0.7208083169208409
1698,1,0.9984958313040784
1699,1,0.994511526062311
1700,1,0.9815662414871592
1701,1,0.9913419948482233
1702,1,0.979293717725402
1703,1,0.9832232041664529
1704,1,0.9861350553639906
1705,1,0.9607226157047685
1706,1,0.9985936520461502
1707,1,0.8726344109817082
1708,1,0.8859970152522569
1709,1,0.9898291255154927
1710,1,0.9487679667436335
1711,1,0.981232427496184
1712,1,0.9766690719695588
1713,1,0.9755102355008043
1714,1,0.9219584778419702
1715,1,0.8987829477305447
1716,1,0.7573473901911326
1717,1,0.7016136183614078
1718,0,0.19934860657669246
1719,1,0.9363396884883496
1720,1,0.956805508772679
1721,1,0.6230916280712527
1722,0,0.15809948591672995
1723,0,0.4726327962115195
1724,1,0.902441087860441
1725,1,0.9735088045737856
1726,1,0.8758426624315593
1727,1,0.5521359294239558
1728,1,0.8323977844861815
1729,1,0.5150125191952758
1730,0,0.34692696247466037
1731,0,0.05230055683073153
1732,0,0.10728635049972601
1733,0,0.025904591430211836
1734,0,0.07171641705904039
1735,0,0.13194818292512014
1736,0,0.03535753000251384
1737,1,0.9934225373975535
1738,1,0.9701001773349339
1739,1,0.9890241075581317
1740,1,0.9538976473291946
1741,1,0.8187410909050619
1742,1,0.5773938064655141
1743,1,0.647823682693579
1744,1,0.9819977879785058
1745,1,0.8128042117677428
1746,1,0.8003574455542146
1747,1,0.9386822506073415
1748,1,0.9649908049141401
1749,0,0.4947447369400155
1750,0,0.06980847646029124
1751,1,0.9855664872725639
1752,0,0.03581775258616993
1753,0,0.19101664540930335
1754,1,0.9120367515730022
1755,1,0.5963706207393596
1756,0,0.08907194178126285
1757,0,0.01833304083981312
1758,0,0.20675126174994995
1759,0,0.3713639634025433
1760,1,0.5536226327101402
1761,0,0.331369645407198
1762,1,0.582730619362584
1763,0,0.4548797896013062
1764,0,0.04008874246470735
1765,0,0.26287664113484227
1766,1,0.723715151777318
1767,1,0.9141057376992501
1768,0,0.09239324793273956
1769,0,0.4124777664731006
1770,0,0.2290464044596052
1771,0,0.04959099018612942
1772,0,0.09851847575493969
1773,0,0.10891363470865863
1774,0,0.24140351675587218
1775,0,0.0562848928210327
1776,0,0.042369512411057665
1777,0,0.011404584927845773
1778,0,0.09422278991163827
1779,0,0.05004193212920156
1780,0,0.35349512646365894
1781,0,0.041477118867668715
1782,0,0.009571517965836367
1783,0,0.2941386396700665
1784,0,0.03412430729051927
1785,0,0.04393508270375431
1786,0,0.32100995890602974
1787,0,0.4902506605424604
1788,0,0.006680213681146719
1789,0,0.03021313692735582
1790,0,0.008316566580222562
1791,1,0.815064803633157
1792,0,0.2340089077906828
1793,0,0.19236670614108248
1794,0,0.2176217722048372
1795,0,0.04855502486031711
1796,0,0.11122575203870251
1797,0,0.08887450671414632
1798,0,0.04213555854538611
1799,0,0.0117755818875159
1800,0,0.06443421171413391
1801,0,0.08397637512897914
1802,0,0.1005356984362513
1803,0,0.2467780706959383
1804,0,0.17208435741789022
1805,0,0.09127405373636342
1806,0,0.06548210413119103
1807,0,0.10501799970313488
1808,0,0.06465629822936185
1809,0,0.07493569645036086
1810,0,0.11749787682997044
1811,0,0.019459030038791136
1812,0,0.016297534389085985
1813,0,0.024126507181900802
1814,0,0.008925242726209193
1815,0,0.001267536424124237
1816,0,0.014320134962729335
1817,0,0.09998088250218998
1818,0,0.256358870744801
1819,0,0.09097004839845467
1820,0,0.007181410637277894
1821,0,0.02663060372262279
1822,0,0.20554864093395037
1823,0,0.002126810530142913
1824,0,0.10037052924927427
1825,0,0.1332315775732782
1826,0,0.023658543181794764
1827,0,0.01569156358652059
1828,0,0.08842266570179189
1829,0,0.109322102388633
1830,0,0.16145573288193582
1831,0,0.17903782389914186
1832,0,0.026834305342299393
1833,0,0.12507799930921223
1834,0,0.07566311454398171
1835,0,0.19688067779475016
1836,0,0.028199021972305484
1837,0,0.015211396883266249
1838,0,0.03128063549492607
1839,0,0.02045362883422258
1840,0,0.21713190253494438
1841,0,0.09032025577490588
1842,0,0.02406406738757636
1843,0,0.19052885645866888
1844,0,0.20610174493520433
1845,0,0.2660398286235524
1846,0,0.3101055038561415
1847,0,0.46496517418936667
1848,0,0.0018480295205843575
1849,0,0.04264054224339517
1850,0,0.024160754028098416
1851,0,0.13738738745343676
1852,0,0.07676434194204584
1853,0,0.21641288566123051
1854,1,0.5557787712720009
1855,0,0.4975747196371444
1856,1,0.9752312738212076
1857,0,0.29866622988701075
1858,0,0.11444652020521955
1859,0,0.05344992846413355
1860,0,0.24466293859125274
1861,0,0.05215448428546366
1862,1,0.9975929274871868
1863,1,0.9972600630980651
1864,1,0.9972612901002283
1865,1,0.9832169440584857
1866,1,0.9918168881701493
1867,1,0.9718838576049244
1868,1,0.9924027587894209
1869,1,0.9051428779193423
1870,1,0.9531410480468469
1871,1,0.9743107483096298
1872,1,0.8834648301500146
1873,1,0.9795962754251857
1874,0,0.1878090117803155
1875,1,0.816619251549641
1876,1,0.9083061643060831
1877,1,0.8937666669383978
1878,1,0.9614733108191201
1879,0,0.07677272572864921
1880,0,0.07261062798414161
1881,1,0.9712082757421586
1882,1,0.9856197314739052
1883,1,0.8655314292872145
1884,1,0.905504860937121
1885,1,0.9581899111399121
1886,1,0.9775958183267544
1887,1,0.9366159354924316
1888,1,0.9870129097523149
1889,1,0.8267634743501319
1890,0,0.09372646427173016
1891,0,0.1485407281838692
1892,0,0.010991715311824942
1893,0,0.054333296118201646
1894,0,0.0689614510358136
1895,0,0.11979973420553103
1896,0,0.05315217864859255
1897,0,0.07065095724525973
1898,0,0.07281240219183707
1899,0,0.21653801441068324
1900,0,0.16935129491942097
1901,0,0.2539612290643009
1902,0,0.11183277909223353
1903,1,0.7399958124520145
1904,0,0.08783294869884477
1905,1,0.7091611507717028
1906,0,0.390298085601481
1907,1,0.7944427631715101
1908,0,0.04494474097555563
1909,0,0.2501273223310364
1910,0,0.14307929342387812
1911,1,0.8628597585532325
1912,1,0.9837628535048174
1913,1,0.578251025460019
1914,0,0.003916969144565585
1915,1,0.9416589399426382
1916,0,0.002815122534028964
1917,1,0.9808194844402378
1918,0,0.14491346574793396
1919,1,0.7049677068260222
1920,0,0.4013751772003816
1921,1,0.9959639552780543
1922,1,0.9806600243819988
1923,1,0.9324596996089444
1924,1,0.980889108353306
1925,1,0.9445651932115178
1926,1,0.9938090528687451
1927,0,0.09255189219328766
1928,0,0.46250136754236715
1929,0,0.054790443722672034
1930,0,0.14399919235876554
1931,0,0.2228824598776039
1932,0,0.16789382930205687
1933,1,0.7092230803316918
1934,1,0.7963267793240479
1935,1,0.7963970445048926
1936,1,0.8178916360187618
1937,1,0.8664463726424323
1938,1,0.7299667325902798
1939,1,0.9094403508257194
1940,1,0.802665240469903
1941,1,0.8473445056025113
1942,1,0.7973845876735131
1943,1,0.905630214229081
1944,1,0.997187907835357
1945,1,0.9907026142636881
1946,0,0.28439372353917386
1947,1,0.9530666235639271
1948,1,0.6889644336990993
1949,1,0.9478462598817592
1950,1,0.6751386153136643
1951,1,0.9726146132444289
1952,1,0.9230325169930756
1953,1,0.7541009462946286
1954,1,0.8177233741296314
1955,0,0.11106677096599704
1956,1,0.998243844200536
1957,0,0.3597626468733556
1958,1,0.9960839994232465
1959,0,0.24902163902523414
1960,0,0.025052091470645927
1961,0,0.04365500387362127
1962,0,0.01951015530999559
1963,0,0.03249264601748912
1964,0,0.04359980152462344
1965,0,0.324511788713534
1966,0,0.15958604231852538
1967,1,0.9749675094415001
1968,1,0.9985591723535682
1969,1,0.9953379389871567
1970,1,0.9986980421333276
1971,1,0.9995930933683609
1972,1,0.997073484612161
1973,1,0.9862168989161001
1974,1,0.9941183757390268
1975,1,0.9991936943008355
1976,1,0.9886926826391144
1977,1,0.9984410504632444
1978,1,0.9975364326509328
1979,1,0.9858071542840342
1980,1,0.9078190097541787
1981,1,0.9844325234913002
1982,1,0.8828175389681244
1983,1,0.8635875440404477
1984,1,0.7488162708341989
1985,1,0.9626269198346825
1986,1,0.9317141171125295
1987,1,0.8010476284304746
1988,1,0.9051129223526909
1989,1,0.9287080188813277
1990,1,0.9620781348566475
1991,1,0.914593324218864
1992,1,0.9693089364550419
1993,1,0.8534201148080282
1994,1,0.9639166482561116
1995,1,0.8915297714034931
1996,1,0.9898546699071864
1997,1,0.9933236093963056
1998,1,0.9945108641588718
1999,1,0.9910506187382788
2000,1,0.9963816372194035
2001,1,0.9908588770635667
2002,1,0.9538238954560264
2003,1,0.9896916817913626
2004,1,0.9906898260308492
2005,1,0.9146512883312791
2006,1,0.9088833597627736
2007,1,0.9812970120489127
2008,1,0.8633153489126314
2009,1,0.902496945426261
2010,1,0.9129852106902671
2011,0,0.2589629666778027
2012,1,0.7643437603220821
2013,1,0.8242440040711915
2014,1,0.8835292550911402
2015,1,0.8999169729340525
2016,1,0.880889839019438
2017,1,0.8981393813248857
2018,0,0.10615346930985509
2019,0,0.110161292847375
2020,0,0.016934381535359953
2021,0,0.020222990318907813
2022,1,0.7194257181004738
2023,0,0.2179858593228268
2024,1,0.9946869616607211
2025,1,0.9977490005524968
2026,1,0.693652264784292
2027,1,0.5860931969315647
2028,0,0.4809321493392363
2029,0,0.44769401750279864
2030,1,0.963046686456208
2031,1,0.9213023125431377
2032,1,0.9105155032513772
2033,1,0.9569204661471813
2034,1,0.597640474303099
2035,1,0.9215792058863409
2036,1,0.8266839139962662
2037,1,0.8278512873234057
2038,1,0.9858505679118906
2039,1,0.7729575622562789
2040,1,0.9964454580585391
2041,1,0.9765259020146126
2042,1,0.9316624643962254
2043,1,0.6468743754289386
2044,1,0.7203001748209645
2045,1,0.7776277113700971
2046,0,0.12498731926139448
2047,0,0.1282362515174947
2048,0,0.10543430631282531
2049,0,0.19771293461415337
2050,0,0.42328208303908954
2051,0,0.03239381118941835
2052,0,0.09031765645559793
2053,0,0.16664186121798966
2054,0,0.011349480100190348
2055,0,0.29053961586947735
2056,0,0.25888911884452
2057,0,0.036701009097717854
2058,1,0.9379727769872153
2059,0,0.17086435753800142
2060,0,0.46734143068559003
2061,0,0.48326171866403567
2062,0,0.04840022738849116
2063,0,0.022987886666037162
2064,0,0.08907136240097165
2065,0,0.029580248794093593
2066,1,0.5934853887929361
2067,0,0.28738170359827747
2068,0,0.14444683265430208
2069,0,0.004620775979847099
2070,0,0.018901918047839115
2071,0,0.034063437234330175
2072,0,0.3058219736114336
2073,0,0.19636625613439213
2074,1,0.6582437920004268
2075,0,0.12828356673258542
2076,0,0.044702448527634595
2077,0,0.2510008578631202
2078,0,0.0338019238607741
2079,0,0.11299784905256886
2080,0,0.019330455473090626
2081,0,0.03405205321072067
2082,0,0.0915044397118107
2083,0,0.09962782428230434
2084,0,0.01521216760245396
2085,0,0.03593157317820887
2086,0,0.11864711371325269
2087,0,0.0543653076248127
2088,0,0.03314386814892053
2089,0,0.004960268817729606
2090,0,0.10320947424395512
2091,0,0.027357693107491785
2092,0,0.1028990721438372
2093,0,0.046323014325320606
2094,0,0.08018214277680892
2095,0,0.0894962694128617
2096,0,0.005068979198415061
2097,0,0.03024988729638019
2098,0,0.10710765526982884
2099,0,0.001202019306980352
2100,0,0.028893903777456115
2101,0,0.05574770823817116
2102,0,0.06265462434166148
2103,0,0.013749992142055776
2104,0,0.08900928061431898
2105,0,0.11981511745190848
2106,0,0.00511427861599145
2107,1,0.8181613360904181
2108,0,0.02430856269720605
2109,0,0.014861801299998282
2110,0,0.0973152317693721
2111,0,0.16916806953817642
2112,0,0.12013003025055835
2113,0,0.02959334842102441
2114,0,0.05254547097688456
2115,0,0.15791611786732035
2116,0,0.04916878959258564
2117,0,0.1619585976631598
2118,0,0.03194727268669961
2119,0,0.020593673537273673
2120,0,0.051538573995323286
2121,0,0.009799044104736884
2122,0,0.04104078497047585
2123,0,0.010278773269560487
2124,0,0.26986376294002157
2125,0,0.16259284596084894
2126,0,0.4596962454943862
2127,0,0.2853568863626145
2128,0,0.08100648528920824
2129,0,0.019817428754624423
2130,0,0.06324198350715973
2131,0,0.30801324406018143
2132,0,0.06783303475688503
2133,0,0.06762156293402882
2134,0,0.09012688947196504
2135,0,0.021080705048958048
2136,0,0.006457482968692543
2137,0,0.05079735108708862
2138,0,0.10081297307505316
2139,0,0.22279754634624369
2140,0,0.14503797865648663
2141,0,0.3260435069317563
2142,0,0.0878696335159077
2143,0,0.18741593521236308
2144,0,0.030102214824052568
2145,0,0.1459096186687623
2146,0,0.2223526915766432
2147,1,0.5066836833679844
2148,0,0.1771179892084363
2149,0,0.2311540788839538
2150,1,0.8886016288711152
2151,0,0.0368180465405287
2152,0,0.3330129705650907
2153,0,0.49930778486458643
2154,0,0.026825076279971004
2155,0,0.19697896684952668
2156,1,0.9898600739970649
2157,1,0.9710200100358125
2158,1,0.9777122094292391
2159,1,0.9583152845439716
2160,1,0.8654698703235868
2161,1,0.9794409433237782
2162,1,0.9989721579440748
2163,1,0.995758895718291
2164,1,0.9752902393490426
2165,1,0.6711505141988836
2166,0,0.23437862077566748
2167,1,0.9354964580504035
2168,1,0.875251059816196
2169,1,0.8982379473495556
2170,1,0.9369163248099144
2171,0,0.19065996218172226
2172,0,0.16278996843692423
2173,0,0.4136796869671468
2174,1,0.9759154305443465
2175,1,0.9936721561898619
2176,1,0.9838278205735429
2177,1,0.9716465817953943
2178,1,0.9629875561285962
2179,0,0.25917238546018423
2180,1,0.7731558316802567
2181,1,0.8332195389543735
2182,1,0.9418185670160608
2183,1,0.8664168917791609
2184,0,0.05012264965169327
2185,0,0.12613731407705028
2186,0,0.18362284128572107
2187,0,0.32626374668137537
2188,0,0.34572500402732415
2189,1,0.9954214199352212
2190,0,0.005272357346238628
2191,0,0.00510360778451917
2192,0,0.005042839917261903
2193,0,0.03715777211239165
2194,0,0.02947391441297793
2195,0,0.02824337316578391
2196,0,0.024065652300885563
2197,0,0.05477195087019907
2198,0,0.25048058050223143
2199,1,0.5520920340532054
2200,0,0.13094345074095945
2201,0,0.1484490383856971
2202,1,0.6051159585810433
2203,0,0.2603267987924559
2204,0,0.36936951465792606
2205,0,0.035201054500255444
2206,0,0.2757071478304512
2207,1,0.7315810503177176
2208,1,0.9610593702978405
2209,1,0.8235522607685292
2210,0,0.07282424868253116
2211,0,0.024020589088432014
2212,0,0.038230481899000794
2213,0,0.02042929080808105
2214,0,0.2706208932662042
2215,0,0.019000031700630218
2216,0,0.187094275425249
2217,0,0.00620255582687642
2218,0,0.01019953139850858
2219,0,0.00758853746923561
2220,0,0.013313734064466832
2221,1,0.9457174945884095
2222,1,0.938543363253732
2223,1,0.9890340247541594
2224,1,0.9575486313044727
2225,0,0.13753795000888178
2226,1,0.780488779178571
2227,1,0.8894003927061115
2228,1,0.9720280313433647
2229,1,0.981942499772
2230,0,0.47608013991541503
2231,1,0.9426969528337977
2232,1,0.7675196703729333
2233,1,0.7866885155094651
2234,1,0.970584759601425
2235,1,0.8983895454505039
2236,1,0.9869250131146717
2237,1,0.9969901171141213
2238,1,0.8120066163912996
2239,0,0.07184922675031084
2240,0,0.3465344445239009
2241,0,0.4493167971357237
2242,0,0.10552997519880004
2243,0,0.1744404835717839
2244,0,0.04072615084508664
2245,0,0.03933707005211479
2246,0,0.10439100902187509
2247,0,0.06940619903360372
2248,0,0.05257304970133426
2249,0,0.06870970635438602
2250,0,0.06047751654253414
2251,0,0.0842380850956492
2252,0,0.4930569009533613
2253,1,0.694715963037277
2254,1,0.8098355787857756
2255,1,0.8960791996375215
2256,1,0.7826330234903435
2257,1,0.9602212341340025
2258,1,0.6620495982746712
2259,1,0.8661817227627979
2260,0,0.3958950666938444
2261,1,0.7368863135966239
2262,1,0.7820663805576181
2263,1,0.9974595437286766
2264,1,0.9997838984543304
2265,1,0.5759712544213857
2266,1,0.9640269495100703
2267,1,0.9946664726920126
2268,1,0.9965792143589403
2269,0,0.3445295068315236
2270,1,0.8929302291039515
2271,1,0.8873905045379843
2272,1,0.9280082558201421
2273,1,0.5339320402444241
2274,1,0.7810039683858866
2275,1,0.6198360079822329
2276,1,0.8068784728665276
2277,1,0.7300593446422817
2278,0,0.12089692278396193
2279,0,0.06596912737705658
2280,0,0.02153206961002268
2281,1,0.753793399231737
2282,1,0.770297051411394
2283,0,0.029381679931000847
2284,0,0.05046315303776898
2285,0,0.11911116609781446
2286,0,0.027257337735719075
2287,1,0.9894214554745702
2288,1,0.9803432521852049
2289,1,0.9971250838002803
2290,1,0.9984552732255504
2291,1,0.9924013447453434
2292,1,0.9987160206973434
2293,1,0.9988316569067892
2294,1,0.9981760544661993
2295,1,0.998766978875587
2296,1,0.9917668657639219
2297,1,0.9932838493680264
2298,1,0.9934460171662157
2299,1,0.9987827951280874
2300,1,0.9959437681183243
2301,1,0.9859814289956664
2302,1,0.9682082851019292
2303,1,0.9623119178287801
2304,1,0.9718107860837383
2305,1,0.7634766600337723
2306,1,0.7586277003355902
2307,1,0.8698036393700203
2308,1,0.9351857822892116
2309,1,0.9433968891187868
2310,1,0.866858014084983
2311,1,0.8751742040141912
2312,1,0.8082977417670985
2313,1,0.8539791862316921
2314,1,0.7192649665997887
2315,1,0.880782041063344
2316,1,0.9045356812125597
2317,1,0.8267677123747733
2318,1,0.8534701729695373
2319,1,0.8398416236881447
2320,1,0.7809718688719133
2321,1,0.9684669785571315
2322,1,0.8429382561433247
2323,1,0.7948638991126544
2324,1,0.9041064269037216
2325,1,0.9471995746473725
2326,1,0.8831833119092395
2327,1,0.9376634786699637
2328,1,0.9646016589334425
2329,1,0.8961352673179396
2330,1,0.8954516019671649
2331,1,0.998826670165546
2332,1,0.9987664952932102
2333,1,0.9964192069281242
2334,1,0.9849112918278207
2335,1,0.9898942807565777
2336,1,0.9965348338597497
2337,1,0.8409247571522707
2338,1,0.9753005707202148
2339,1,0.958340004721713
2340,1,0.9957265238637031
2341,1,0.9816177513890186
2342,1,0.9491714700234223
2343,1,0.9566099918851051
2344,1,0.951507644586807
2345,1,0.9643326688445765
2346,1,0.9013827098911519
2347,1,0.8646003381895678
2348,1,0.959193916062465
2349,1,0.7518801825920514
2350,1,0.9898272088921295
2351,1,0.9498052449638702
2352,1,0.9786023107351823
2353,1,0.9886416513287422
2354,0,0.1934845881013847
2355,0,0.3285024494711867
2356,0,0.37768783831623004
2357,1,0.8843253069695092
2358,1,0.875964696904898
2359,0,0.23757571340287437
2360,0,0.03785857551094195
2361,0,0.12821916034306657
2362,1,0.9913094204987757
2363,0,0.1243033248451068
2364,0,0.4566372969368213
2365,1,0.9114909842413387
2366,1,0.8061506399939279
2367,1,0.8852118595489702
2368,1,0.8668830122474092
2369,1,0.8817100450286076
2370,1,0.6074223925561143
2371,1,0.5158499863138041
2372,1,0.7981380564570947
2373,1,0.9823389650739478
2374,1,0.9965463066795786
2375,1,0.9025668551146673
2376,1,0.9870892834272518
2377,1,0.9922673784341866
2378,0,0.2563647172300462
2379,1,0.900156599128452
2380,0,0.21872115007414886
2381,1,0.6837621845007723
2382,1,0.8879168785239253
2383,1,0.9179437823508829
2384,1,0.967783943744806
2385,0,0.49102592564998443
2386,0,0.09088545975782703
2387,0,0.08585442914828764
2388,0,0.03317116418631915
2389,0,0.08862308963902835
2390,0,0.16528705914823524
2391,0,0.15157014484042375
2392,0,0.017470511799139336
2393,0,0.4922491490255845
2394,0,0.19805777081236484
2395,1,0.8362926161312038
2396,0,0.23591065235762354
2397,1,0.7596291294553372
2398,0,0.11849936453073606
2399,0,0.006847039730213153
2400,0,0.0028601902297233175
2401,0,0.028904402426997947
2402,0,0.09138735405120996
2403,0,0.136222256244483
2404,0,0.4102039735597043
2405,0,0.3781265631480794
2406,0,0.11324803949579156
2407,0,0.051271524942912455
2408,0,0.20049880145994978
2409,0,0.06667996254971699
2410,1,0.6023037466405525
2411,0,0.022566678944206713
2412,0,0.25936331463657897
2413,0,0.047451582939294835
2414,0,0.09192019674186377
2415,0,0.0929463674276853
2416,0,0.03250769935638219
2417,0,0.05054236866902693
2418,0,0.05189311855014742
2419,0,0.07023546976190063
2420,0,0.06160791646011451
2421,0,0.17653899790406818
2422,0,0.03695359073435525
2423,0,0.10526189696987835
2424,0,0.2573147034253396
2425,1,0.9773492324482308
2426,0,0.10941811705508865
2427,0,0.12380462794320102
2428,1,0.7825603140253108
2429,0,0.03233019640119095
2430,0,0.06628829685617557
2431,0,0.08736031195242139
2432,0,0.12252351613588239
2433,0,0.1558545088882316
2434,0,0.08772567508737524
2435,0,0.1721871367190384
2436,0,0.0264813951114417
2437,0,0.018222440953075927
2438,0,0.07433983981921151
2439,0,0.03969670676567608
2440,0,0.03699049517929226
2441,0,0.022287012053648313
2442,0,0.020710057153970934
2443,0,0.06609921053873938
2444,0,0.14346796711751783
2445,0,0.008019776188915466
2446,0,0.12246231317159052
2447,1,0.695687264929442
2448,0,0.0958203027633971
2449,0,0.022797752090044872
2450,0,0.23349238690784474
2451,0,0.12831587535613515
2452,1,0.615946657337098
2453,0,0.007455780509968352
2454,0,0.12233862987971637
2455,0,0.07900436083754127
2456,0,0.029065380087066685
2457,0,0.043437709371467896
2458,0,0.09909787518538583
2459,0,0.017210412509660745
2460,0,0.17276898862321624
2461,0,0.031481311116539096
2462,0,0.06392175511446464
2463,0,0.03962943002047448
2464,0,0.3942754048133134
2465,0,0.12629394224986049
2466,0,0.051873143002703716
2467,0,0.2927484998142799
2468,0,0.012397255156954333
2469,0,0.006297011633820107
2470,1,0.8026045007703887
2471,1,0.8032452472509665
2472,0,0.27547212298861473
2473,0,0.04312310645075882
2474,0,0.02920533323997793
2475,1,0.807839529981909
2476,0,0.021613445824844056
2477,0,0.044636496295005657
2478,0,0.299897736138948
2479,0,0.023362797741601733
2480,0,0.3113469632904178
2481,0,0.0837925560165354
2482,0,0.07632437693098829
2483,0,0.038170462817439826
2484,0,0.055413066191052775
2485,0,0.05020879300890451
2486,0,0.17141488211463213
2487,1,0.9570885244310018
2488,0,0.3739769202666638
2489,0,0.2702021476370654
2490,0,0.19086755079871717
2491,0,0.014101724744541848
2492,1,0.8171497475564076
2493,0,0.3961090693201205
2494,0,0.2630611284450887
2495,0,0.011566054067760206
2496,1,0.9757379924695306
2497,0,0.1711192099952726
2498,0,0.02394124934959353
2499,0,0.014919137998135804
2500,0,0.13480871724942364
2501,0,0.06297256023721548
2502,0,0.15441067066211003
2503,0,0.036113708285523016
2504,1,0.8015176898874743
2505,1,0.9653227722692448
2506,1,0.9823759814168858
2507,1,0.9914809546399906
2508,1,0.9848670454035524
2509,1,0.9598068655005086
2510,1,0.9544159092886719
2511,1,0.7959668034569009
2512,1,0.9353180570068522
2513,1,0.9740777929458354
2514,1,0.9386048451725433
2515,0,0.2313444934343842
2516,1,0.7740448019019699
2517,0,0.16698512496867005
2518,0,0.31047501626002394
2519,1,0.970288431164807
2520,1,0.9365538351639816
2521,1,0.8947308742660892
2522,1,0.9682181859223736
2523,0,0.07828881106146539
2524,0,0.289742216210032
2525,0,0.2090787864257204
2526,0,0.11585581064857714
2527,0,0.06185929611505383
2528,0,0.05034766394053428
2529,0,0.11090288957470662
2530,0,0.07398125177125495
2531,1,0.9717330550292268
2532,1,0.9637977065922986
2533,1,0.9185818120984567
2534,1,0.9571401253592309
2535,1,0.9933774401526859
2536,1,0.9841910947049
2537,1,0.9442727836894427
2538,1,0.8631885625438905
2539,1,0.8242177910808124
2540,1,0.8105478280053325
2541,1,0.8933830675053702
2542,1,0.7647489270129127
2543,0,0.10835687975555543
2544,0,0.03043342106935912
2545,0,0.11906686017920838
2546,0,0.11482559472572593
2547,0,0.1863074860951607
2548,0,0.33519503428762754
2549,1,0.6245970693896389
2550,1,0.9999997531675758
2551,0,0.22694893835283708
2552,0,0.054785766246344195
2553,0,0.006615219579521418
2554,0,0.016628175289642323
2555,0,0.037180187399841365
2556,0,0.011735341964094259
2557,0,0.025313328089089097
2558,1,0.5971359986187796
2559,0,0.04703238031263977
2560,0,0.23548622798518834
2561,0,0.10935147062955279
2562,0,0.07649701003106725
2563,0,0.07702562295777124
2564,1,0.7669837720758176
2565,0,0.24527170069169985
2566,0,0.429474513491757
2567,0,0.11151522357549296
2568,1,0.77578040860681
2569,1,0.8286359405244824
2570,0,0.08647708604299165
2571,1,0.7316892037370454
2572,0,0.197164694729786
2573,1,0.94295977833814
2574,1,0.9777169256361053
2575,0,0.07967468701235292
2576,0,0.12038606709091274
2577,0,0.2855576308391365
2578,0,0.007351552251763216
2579,0,0.001845167391865777
2580,0,0.049840636995638204
2581,0,0.14264095142904168
2582,0,0.05988198961142256
2583,1,0.9693609732036476
2584,1,0.601327944861183
2585,1,0.9111117435934573
2586,1,0.9142248029011372
2587,1,0.8044579842725972
2588,0,0.20204300302812764
2589,0,0.24883844914689562
2590,1,0.9408818829433933
2591,1,0.9552741309437573
2592,1,0.916590817457433
2593,1,0.9752908576584121
2594,1,0.5860432860282614
2595,1,0.826582472937746
2596,1,0.992425855250853
2597,1,0.8736650313596105
2598,1,0.9947025430772367
2599,1,0.993151627091031
2600,1,0.7254181466867449
2601,0,0.13965950519757261
2602,0,0.010182403272313689
2603,0,0.024900781632913895
2604,0,0.011253234653808205
2605,0,0.013947761924507727
2606,0,0.37642155239564257
2607,1,0.9226250660293593
2608,1,0.8869479034928633
2609,1,0.6905176148441298
2610,0,0.02826711462220638
2611,0,0.09579947338406657
2612,0,0.3482269990467953
2613,0,0.08027941423695306
2614,0,0.05896411403516774
2615,0,0.2673255066293985
2616,0,0.3277554823034679
2617,1,0.6333042677608008
2618,1,0.816542483460019
2619,1,0.8741617124243097
2620,1,0.855464377672516
2621,1,0.8297319762023094
2622,1,0.8779236040097985
2623,1,0.9779387348449757
2624,1,0.9964033452503137
2625,1,0.9886869435261815
2626,1,0.8141460746727799
2627,0,0.4103727518983703
2628,1,0.9990723043983188
2629,1,0.9995642311980196
2630,1,0.9964846463703481
2631,1,0.9989900875146043
2632,1,0.998976493498
2633,1,0.9687546136595027
2634,1,0.9982705903563983
2635,0,0.43287228871762534
2636,1,0.8380808877234341
2637,1,0.5753902372263628
2638,1,0.9833155978331991
2639,1,0.8385403779852557
2640,0,0.26985338543789655
2641,0,0.02638237443648872
2642,1,0.695259392437211
2643,0,0.04216616305900898
2644,0,0.14510422782165577
2645,0,0.029965469716187864
2646,0,0.01789551030132347
2647,0,0.03939825834937926
2648,0,0.42297203430308644
2649,0,0.1500635802345878
2650,0,0.08198977804138625
2651,0,0.46648312745996784
2652,1,0.997764100740225
2653,1,0.9758994536521499
2654,1,0.9642106891419769
2655,1,0.9973562902151797
2656,1,0.9961311585918055
2657,1,0.9914048342802144
2658,1,0.9873363537630077
2659,1,0.9927947087489355
2660,1,0.994854107909911
2661,1,0.9929590731336049
2662,1,0.9928894634182162
2663,1,0.9940668868150472
2664,1,0.9286005440679388
2665,1,0.9828333717877861
2666,1,0.9598909381765848
2667,1,0.8499748941460613
2668,1,0.8522493093594317
2669,1,0.8325001600160763
2670,1,0.9928913858036289
2671,1,0.8917295082342999
2672,1,0.8606987448725161
2673,1,0.8982670340248957
2674,1,0.8890657269963721
2675,1,0.6950611272540997
2676,1,0.9351049465899887
2677,1,0.9041096477377703
2678,1,0.9903039729424038
2679,1,0.9893182141530743
2680,1,0.9916041700919653
2681,1,0.9987440927787141
2682,1,0.9970873316819904
2683,1,0.9999212701549944
2684,1,0.9973283038411287
2685,1,0.9973400262052925
2686,1,0.9796219205882994
2687,1,0.9889881254048871
2688,1,0.9072839892021004
2689,1,0.85181905986165
2690,1,0.9992761203599799
2691,1,0.8463644233350693
2692,0,0.22344104703936393
2693,1,0.906993271982233
2694,0,0.20726582080634579
2695,1,0.9135332952942214
2696,1,0.8932345187800073
2697,1,0.8660199707953967
2698,1,0.9239016132785112
2699,1,0.6720113480560592
2700,1,0.5597248562601851
2701,1,0.6441637198168226
2702,0,0.05538306203540592
2703,0,0.10538252374072996
2704,0,0.16110733991534096
2705,0,0.029112485562674813
2706,0,0.034063107664493504
2707,0,0.09511311925977098
2708,0,0.04747564930373755
2709,0,0.01798526966126548
2710,0,0.06974641135272636
2711,1,0.9990588163001941
2712,1,0.9994474752044619
2713,1,0.6743940794435058
2714,1,0.5555773512293156
2715,1,0.5887584182801824
2716,1,0.6158949770002708
2717,1,0.9438345499652946
2718,1,0.9642460091959025
2719,0,0.42556890206761255
2720,1,0.6265994591553805
2721,0,0.09045830486490504
2722,1,0.551669771883979
2723,0,0.24572300208901504
2724,0,0.0845575815124036
2725,0,0.07369678148415078
2726,0,0.13432444477727276
2727,1,0.6888733129642745
2728,0,0.4580667607307218
2729,0,0.25921678337666637
2730,0,0.07285074383826211
2731,0,0.04385558658452796
2732,0,0.04054241481785037
2733,0,0.2151311844766811
2734,0,0.18814660269174066
2735,0,0.06316372170259152
2736,0,0.17418490182240018
2737,0,0.0198937408268292
2738,0,0.11681240435328485
2739,0,0.34956963406579555
2740,0,0.11643324755831731
2741,0,0.17058833511858973
2742,0,0.4364051847542723
2743,0,0.25781305335801435
2744,0,0.37162455362342245
2745,0,0.1361567050476634
2746,0,0.07504052679709035
2747,0,0.1761385229570087
2748,0,0.052297970121100795
2749,0,0.10755638376957727
2750,0,0.08197286094775282
2751,0,0.06504989639435857
2752,1,0.8389289836501536
2753,0,0.26749454164784997
2754,1,0.9602471866083293
2755,0,0.08938093021695219
2756,0,0.02340694695838974
2757,0,0.00950546768304756
2758,0,0.012352207781188751
2759,0,0.2085231354529853
2760,0,0.13242350191758667
2761,0,0.17045474073446532
2762,0,0.20888489552797115
2763,1,0.8310489131291787
2764,0,0.42171728387713114
2765,1,0.9846564976098997
2766,0,0.06853496689724284
2767,0,0.006865507075465767
2768,0,0.04100886771288192
2769,0,0.06851666715480136
2770,0,0.09701820761971348
2771,0,0.026191817300526398
2772,0,0.018956438996153003
2773,0,0.35173352142541264
2774,0,0.047604987955704066
2775,0,0.07495739485595557
2776,0,0.12744911028599093
2777,0,0.15991499108535911
2778,0,0.04142670409836046
2779,0,0.0767262000337912
2780,0,0.015203160271678737
2781,0,0.009050488426581512
2782,0,0.012772320573852787
2783,0,0.014814469692787855
2784,0,0.02395939657563577
2785,0,0.10986264458371026
2786,0,0.0020754583458219887
2787,0,0.03300930943519387
2788,0,0.005797450410359154
2789,1,0.594560210235468
2790,0,0.016061666494157092
2791,0,0.032489147050616764
2792,0,0.0071434625317767795
2793,0,0.22710110648909104
2794,0,0.011099589198679842
2795,0,0.03326932933671851
2796,0,0.009282527491252798
2797,1,0.6674412753449008
2798,0,0.07315253780023893
2799,0,0.06255268086970797
2800,0,0.005942710479891465
2801,0,0.016175984219586048
2802,0,0.06411446404456819
2803,0,0.33356026341843176
2804,0,0.10070335623716786
2805,0,0.01858488088898559
2806,0,0.013372089511508915
2807,0,0.38950701702095625
2808,0,0.24445094574210505
2809,0,0.06075104250610815
2810,0,0.07433657789269597
2811,0,0.3971673653741553
2812,0,0.3749973532972395
2813,1,0.5101117004625999
2814,0,0.3707604713101542
2815,0,0.022412623512187323
2816,1,0.794085473424505
2817,0,0.3329533521673474
2818,0,0.08805712229752212
2819,1,0.7713155322165978
2820,0,0.15081626486290417
2821,0,0.06688297417860813
2822,1,0.8277584716105147
2823,1,0.995319451851348
2824,1,0.7574658077047394
2825,1,0.5457268883274439
2826,0,0.10037679369786236
2827,0,0.09611463855266884
2828,1,0.98227098936153
2829,1,0.8437280360863743
2830,1,0.9695235372571245
2831,1,0.8350483591226333
2832,1,0.9536599740992787
2833,1,0.9734263588295338
2834,1,0.9502779082344952
2835,1,0.9541385930286106
2836,1,0.9265531174764686
2837,1,0.5851695655544649
2838,0,0.3376784443320479
2839,1,0.9174608626794428
2840,1,0.8268054521821048
2841,1,0.9197947947838888
2842,1,0.9760078782669441
2843,0,0.24526605814103003
2844,0,0.41153098148690037
2845,0,0.03113450603457883
2846,1,0.9334700711612994
2847,1,0.9186839667684203
2848,1,0.8911692115175791
2849,1,0.9194779227078463
2850,1,0.9938741757208547
2851,1,0.9631481130676289
2852,1,0.9812758899022442
2853,1,0.9839627646725569
2854,0,0.26081558026471147
2855,1,0.8764025179269225
2856,1,0.9263866074067192
2857,1,0.8750488878114103
2858,1,0.8398870521072422
2859,0,0.1578048109186514
2860,0,0.20138157333583454
2861,0,0.10559288081739304
2862,1,0.9268945702756547
2863,0,0.1203296651235543
2864,1,0.9835736687996012
2865,0,0.18846758229134195
2866,1,0.5413340428502337
2867,0,0.017091120443555128
2868,0,0.08347670745184418
2869,0,0.04336412334331201
2870,0,0.21066609264064565
2871,0,0.018617630299382924
2872,0,0.0010385583793058543
2873,0,0.027475857961332614
2874,0,0.0930025890604477
2875,0,0.02656705607807874
2876,0,0.32216938848337356
2877,0,0.04835387837574443
2878,0,0.18093672785238082
2879,0,0.25888590049845017
2880,0,0.0204619549001823
2881,0,0.15699858858777352
2882,0,0.2396166824422323
2883,1,0.5343264765771852
2884,1,0.7831102094694817
2885,0,0.45619717894152395
2886,1,0.9281680571759288
2887,0,0.01217061711513533
2888,0,0.0771489970561062
2889,0,0.0026279995618050263
2890,0,0.005304111605014159
2891,0,0.152386693886265
2892,0,0.0021416163000454996
2893,0,0.013994941891587339
2894,0,0.004916955530448188
2895,1,0.9658049975904067
2896,1,0.9626853290124231
2897,1,0.8745784920687198
2898,0,0.2743428736008183
2899,1,0.8897204159076963
2900,0,0.39556050718552954
2901,1,0.7203794892158791
2902,1,0.8206662922790714
2903,1,0.994141984704579
2904,1,0.995049824332596
2905,0,0.013721591880788427
2906,1,0.7710126644356063
2907,0,0.10055166246508251
2908,0,0.10330833298293836
2909,0,0.2578158528156251
2910,0,0.004684482984110855
2911,0,0.010303307491113698
2912,0,0.3843750335381978
2913,0,0.009933311827809417
2914,0,0.007357058304982915
2915,0,0.009741043430342468
2916,0,0.010827011122480782
2917,0,0.45210940447269937
2918,0,0.07145207719204782
2919,1,0.9659726362161538
